<?xml version="1.0" encoding="UTF-8"?>
<project-private xmlns="http://www.netbeans.org/ns/project-private/1">
    <editor-bookmarks xmlns="http://www.netbeans.org/ns/editor-bookmarks/2" lastBookmarkId="1">
        <file>
            <url>src/librarymanagementsystem/IssueBook.java</url>
            <bookmark id="1">
                <name/>
                <line>192</line>
                <key/>
            </bookmark>
        </file>
    </editor-bookmarks>
    <open-files xmlns="http://www.netbeans.org/ns/projectui-open-files/2">
        <group>
            <file>file:/E:/sem%203/libraryManagementSystemfinal/libraryManagementSystem/src/librarymanagementsystem/admin_home.java</file>
            <file>file:/E:/sem%203/libraryManagementSystemfinal/libraryManagementSystem/src/librarymanagementsystem/searchBook.java</file>
        </group>
    </open-files>
</project-private>
